processed_content,Sentiment
15 hp moment cavalry main,Positive
hope implement hp bar change make way harder know much hp enemy,Positive
hp jeje,Positive
hp like egg,Positive
using hp laptop work awful hp z book issue issue first hp laptop issue thunderbolt general usb c device display would flicker connect ethernet dock whatsoever sometimes turn department needed unplug battery make turn second hp got issue also pretty bad even i9 touchpad even precision driver sluggish touchpad put laptop desk held tab button indefinitely pretty slow get pretty hot never buy hp would advise anyone never buy hp laptop privately surface studio laptop way better build quality touchpad flawless etc drawback price performance still feel way faster i9 hp one,Negative
depth 13 thing kill,Negative
first year using happy planner really enjoyed halfway year got sticker week look forward getting creative sticker weekly spread love nature inspired sticker specifically looking planner feel calm inspirational always loved planner kept thing pretty simple never really gotten paper crafting never made scrapbook idea 2025 thinking getting planner notebook similar vibe color scheme splitting planner half want add scrapbook page throughout year maybe even journal page special event memory want incorporate photo vacation weekend getaway outing anything want remember nice paper course incorporating art sticker end year two volume include planner memory scrapbook page journal entry mixed anyone already know one idea really find anything online inspiration maybe looking right keywords already hp hole punch set already 2024 used mini size got packed pretty quickly 2025 going switch classic size please share inspiration idea even website social medium page idk resource idea feeling excited idea thanks,Positive
found something familiar warner hp studio watford look left side durmstrang ship clue comment,Positive
look exactly super curious actual difference thank,Positive
pathfinder 1e question roll 20 question party level 11 player one barbarian asking help setting rage buff buff section sheet online say written 4 strength 4 constitution 2 morale 2 armor class 2 class1 hit point high level str con go 6 str con 3 respectfully making buff change 6 strength 6 constitution 3 morale 2 armor class 2 class1 hit point rest buff issue player issue hp part giving 20 temp hp saying getting 36 hp nat con 16 go 22 rage first admit bad math see getting 36 meant get 36 would write buff reflect using unchained rule change anything,Positive
hello hp omen 15 2020 due aging hp omen laptop became weak last 1 hour 20 min watching video asked hp said replacing battery hp source void warranty true gonna find even replace heard cost 12k costing 3k online,Negative
title say really small shop repair tech seemingly hp bios update utility broken work tried download extract window 10 window 11 extract single file close program creation utility anyone suggestion different way create recovery usb flash bios thanks advance,Negative
anyone know change scarecrow murder hp cannot find way change,Negative
get burned 3 finger waste 2 larval tear respec try trial error finally work worth think anything would increase passiv heal even game sadly record whole setup write blessed talisman crimsonburst crystal tear beast vitality blessing erdtree malenias great rune ash war holy ground small shield icon shield royal remains set frenzyflame stone think,Negative
monitor really old like 10 year see lol,Positive
protocol hp rotation snd bomb sight,Positive
kind niche request figured would best place ask bf got hp designjet 130nr trying fix soldered new usb type b port printer getting error code suspect replace electronics module know anything printer advice fix would greatly appreciated,Negative
correct wrong keep seeing lower dojo player high hp work taught higher dojo higher hp dojo 10 3 5k hp fought dojo 7 5 5k hp confused hp thing work someone explain thanks,Positive
instead energy overcharge there ability restore hp protoss unit energy hp might bit lame click button colossus instantly healed energy overcharge sound equally lame,Negative
buff ui 3 5 million hp,Positive
working 1930s spy pulp roleplaying game pc human 10 hp hp never increase player tougher others via attribute general equally squishy robust gun deadly colt 5 7 point damage remington shotgun 6 10 wound debilitating question create enemy system standard human enemy e blackshirt grunt also 10 hp fewer say 5 thinking 5 hp make game fun less grindy allow one hit kill common pulp novel generally set player enemy hp fun rule ratio follow,Positive
crown good yes play italian stats sub stats crit rate main stat def hp er hp,Positive
900 hp big turbo supra v 1000 hp twin turbo ct v,Positive
got first battle builder hut level 5 checking max level level 6 stats saw hp dp max level possible,Positive
new personal record 4 player hp fatalis,Positive
recently started watching campaign 2 downloaded hp tracker extension funsies working fine 3 hour ago paused episode mid fight keep getting unable get data matter idea might causing fix,Positive
vintage hp 97 smile,Positive
1 hp clutch lost match tho,Negative
hello know several u want buy hp kit several reason love opportunity make potion found kit price one ball amazon make 20 potion hope link work add picture case wont poatrozon 20pcs halloween decoration fairy magic potion craft kit wishing stone potion bottle toy kid decor indoor room party supply,Positive
lot bo6 map 4 hill hp map,Positive
1 hp dobble kill,Negative
hp garfield coded,Positive
hello guy hoping somebody could help figure hp prime g2 isnt solving simple equation even casio 991cw handle know user error bought first graphical calculator even tried symbolab work flawlesly aswell appreciate insight wrong thank photo mean,Negative
still count 70 hp 70 def,Positive
en la escuela estaban regalando laptop dieron una mi amiga también ella dió escoger si quería lenovo hp,Positive
recently purchased hp pavilion plus 16 ab1004nx must say incredibly disappointed system extremely slow even basic task like typing noticeable lag folder apps get stuck take forever open excited intel ultracore lpddr5 feel like complete scam performance nowhere near expected price feel like wasted money machine anyone else similar experience,Negative
big happy planner cover large hp ring made divider mlp one divided notebook got fivebelow made tab handwritten make something permanent rocketbook symbol 3 month worth paper planner page keep track almost everything one book rocketbook page get hp silver gold adhesive sheet cut one inch strip folded half cover edge could use hp punch edge without fraying coming apart easily make mistake trying laminate one edge one page go well mistake made lesson learned someone asked another post planner made thought share let know question comment hug,Positive
bomb hp placement guide title say,Positive
reading rule understand combat work let say character get 0 hp loses 2 str manages avoid critical hit character hp still 0 next round mean character damaged next round damage go directly str hp recovered single round resting right character 8 hp another character max damage 6 would possible combat never end first one rest every round must missing something,Positive
keep getting error trying integral double integral x 0 6 0 4 5 36 6x 4y dydx hp prime g2 gonna edit full factory reset work every time,Negative
grouped series harry potter hellbore x 2 poly juice x 2 amortentia x 2 hello kitty strawberry milk x 2 apple pie halloween dirt cup bug punch spooky cake lifestyle aloe vera cactus twin succulent crate red ear slider food birthday cooky x 2 bento x 2 princess roll grilled corn iso dragon blood flesh eating repellent harry potter animal lifestyle besides red ear slider purple beta,Positive
picture following let say healer hangar heimdall try use repair benefit teammate bunch condor adjacent decked hard catch healing use attack mode titan dy one ally happens close enough get 10 grey hp repaired unique trait heimdall let say one else team repaired anyone besides situation get top honor repairing teammate,Positive
guess fully healed 100 hp,Positive
abyss hp keep getting buffed,Positive
se,Positive
mondo old fart old sword healing repressed hp,Positive
apollo 358 gt 3 5 liter v8 300 hp 285 lb ft,Positive
78 malibu sleeper 400 hp,Positive
hp lovecraft story set common universe,Positive
got free mtd riding mower key purchased new switch soon turn key run main fuse blow disconnected wire everything case short defective item still soon turn key run even start blow main 20amp fuse still tried starter jumping turn start assume everything unplugged something open let start run idea fuse blowing everything disconnected,Negative
hero powered meme played win,Positive
2021 mach 1 hp,Positive
apollo hermes 6000 gt 6 0 liter v12 750 hp 600 lb ft,Positive
attribute say default health 3128 without echo everytime join duo battle hp coming 2860 someone please explain difference,Positive
replaced spark plug added new fuel line added new gas line primer going try get started running non ethanol first time also put seafoam gas running month ago whenever would put full throttle would run speed half throttle,Positive
recently fixed summon interaction abom crasher one apparently flew radar aware reason end playing god forsaken hero decide go direction,Negative
hp bar killed mirage legend,Positive
irelia true damage armour pen max hp damage,Positive
hi currently market new chainsaw decided go one ryobi 40v hp model according review saw powerful chainsaw price question anyone know power 20 get mentioned comparable 50cc gas equivalent marketing upsell actually power source right 20 way expensive 16 18 power source would stick one shorter bar 20 way powerful pay upcharge information would great right thanks ahead time,Positive
ok put 70 attack 42 def 28 hp attacker roger,Positive
recently bought hp pro x2 wish know use stream disney etc also handle game,Positive
elegy soul beat three boss first try problem quick fight meanwhile one hit 30 mn even reach 50 praying decide point one shot sure saw many comment saying take much time like hp every bos game combined take even less damage remember dealing low dmg three previous boss tip tedious boring hell fight know repel thing tho,Negative
english version hi hp pavilion dv6 2124 el 2010 bought computer think creating disk copy recovery recovery manager year hard drive gave lost everything personal file included bought new drive would like put back original system hp customizations searched internet archive general internet even reddit found anything ask everyone support grateful anyone still could send language problem arrange download appropriate language pack versione italiana ciao tutti possiedo un hp pavilion dv6 2124 el del 2010 e quando ho comprato il computer non ho pensato di creare una copia su disco di recupero da recovery manager e così nel corso degli anni il mio hard disk mi ha abbandonato e ho perso tutto file personali compresi ho comprato un nuovo disco vorrei rimettere il suo sistema originale come era una volta con le personalizzazioni di hp ho cercato internet archive e generale su internet e anche qui su reddit stesso non ho trovato nulla al riguardo chiedo il supporto di tutti e sarò grato se qualcuno li ha ancora e li può inviare la lingua non è un problema provvederò scaricare il pacchetto lingua appropriato,Negative
bad melt boss quickly leeway make 2 3 mistake without losing tried laser gun suggested single target dp elite slow atk speed make harder dodge small enemy bos attack time still buying crit w hope one day get giant belt red sniper gun like last time 43k red revolver final wave 900 material bag ignore acid handcuff,Negative
want make disappear there mod plz help grahhh,Negative
course max hp,Positive
thought would come community since head gasket stud hks reliable number everybody getting,Positive
hi may ask specced bergamo cfd currently 128c genoa 768gb dl385 want get another 256 instead 192c genoa config surprisingly expensive job cloud rome genoa bergamo far prefer workload running multiple job time rather single large job hence chip core amd say also cfd cant find cloud instance bergamo would allow test software,Negative
drew drenched gossypium 1 hp,Positive
confused 1 shot stage normally take around 2 minute time within 1 rotation 2 depending look,Positive
please help find fic looking fic yearssss quotev called pinky swear sirius black daughter name ellanora black start living mother sister start similar harry story remus one show take hogwarts life rest book mother muggle murdered first war gryffindor apart golden trio friend weasleys harry love interest remember help would greatly appreciated,Positive
update found third hp barchetta,Positive
rare polish hp 05,Positive
silly question hoping get help working music project like use japanese pronunciation saying acronym hp one song googled say hp japanese gave word horsepower looking phonetically say acronym japanese thank advance,Positive
hey sorry dumb question trying figure port standard usb c port possibly usb4 thunderbolt port want egpu gonna work one latter,Negative
algumas teclas teclado da hp que comprei pela amazon pararam de funcionar hp brasil está se recusando dar assistência com base argumento de que teclado é importado então não foi produzido pela hp brasil e eu preciso contatar importador problema eu não sei quem é importador pq não tenho mais caixa pelo que andei pesquisando código consumidor há uma questão sobre responsabilidade solidária entre fabricante e importador certo alguém ajudaaaaa edit na correria faltou uma palavra ao título hp brasil pode negar suporte assim,Positive
top 8 koko done reached comical amount hp,Positive
beyond understanding shuma gorath c cthulhu marvel hp lovecraft tn,Positive
want know access page printer university small network scanning got print fuzzing else,Negative
hp store hp omnibook ultra flip laptop 14 3k oled 120hz touch intel ultra 7 256v intel arc graphic 16gb lpddr5 ram 1tb ssd hp pen 1 169 99 coupon code 10hpaipc24,Positive
yo rate build dont mind low hp sp,Positive
evening hope going well started process upgrading omen 25l got covid tired ram bricked proprietary mb decided upgrade system problem running seems specific intel socket seems bit difficult find 200 new atx size considering perhaps might cheaper buy slightly newer cpu mb actually part considered safe buy used read somewhere mb one maybe fine newbie ever changed ram gpus anyone recommendation feeling bit overwhelmed lost sauce narrow perhaps good question help narrow thing thought build working pc part picker many feel like every time pick mb i5 tell mb used stock current spec cpu i5 10400 gpu 4060 ram 32g ddr4 psu 750 watt new case size hyte y60 would like full atx possible thanks time,Negative
people getting angry fortnite npc let revive teammate exchange hp,Positive
shit 10 hp,Positive
hi guy gonna try nfs hp remastered yuzu emulator phone worth let know,Positive
best le paul ever 2017 le paul traditional hp,Positive
lost many game annoying glitch,Negative
hp lovecraft august delete survivor others arkham house first edition 1957,Positive
guy took 6 felling axe hit including headshot left 80 hp,Negative
selling unused tech timestamps analogue pocket sold hp dragonfly pro 600 work great perfect condition ended replacing macbook air far aware one configuration machine made i5 1235u 16gb ram 256gb ssd dualsense edge 130 come case accessory stick paddle 3rd party usb cable one favorite controller ever used going replaced new anniversary one,Negative
intense 1v1 v darius 1 hp kill,Negative
video time stamp time stamp spec time stamp received neighbor week ago verified working order small damage corner hp omen see picutres hp omen i7 10750h geforce rtx 3060 32gb ram 2tb ssd 525 shipped comment sending pm respond anyone comment messaging currently installing window 11,Positive
tldr testing suggests ranged weapon seem generate twice much contested hp per damage dealt compared melee damage came across thread complaining little felt like contested hp healed melee attack seen anyone actually test yet see exactly number look like granted methodology bit primitive load inferno lethal level 1 tactical relic maxed pistol relic maxed chainsword record whole ordeal go get hit bunch try land single attack lot contested health remaining first pistol headshot repeat chainsword light attack done whip tyranid majoris first mob came cross referenced damage single attack would made sure also whip nid pistol headshot 8 damage whip nid ranged damage resistance 30 chainsword light 20 damage brough crappy video editor zoomed fuck hp bar literally measured screen contested hp healed instance amount hp bar restored pistol headshot 2cm chainsword 2 3cm scale made sure measure big diamond icon left hp bard able reproduce later zoom resulted diamond icon 8 5cm across pistol headshot 8 damage moved hp bar 2cm chainsword hit 20 damage moved hp bar 2 3cm despite 2 5x damage moved hp bar 1 15x work ranged damage healing 0 25cm per point damage chainsword 0 115cm per damage point less half much based number seems like reasonable guess margin error measurement rounding error end mission damage counter probably even 2x difference either measurement reasonably accurate really like 2 2x higher ranged also went tested maxed relic marksman carbine 37 damage healed 8 5cm hp bar zoom scale perfectly line amount per dmg healed pistol would 0 23cm per dmg point within margin error conclusion feeling contested health seems heal scaled relative damage dealt melee damage reason heals drastically less ranged damage,Positive
special military owned agent called elijah wanless objective eliminate entity go beyond rule reality story get special objective catch entity called leviathan instead eliminating thing go wrong leviathan name leviathan,Positive
trying give enemy hp game proceeds got flat multiplication work health ally boss healthmultiplier 10 enemy healthmultiplier 10 neither following work health act 1 ally boss healthmultiplier 10 enemy healthmultiplier 10 health ally boss healthmultiplier 10 enemy act 1 healthmultiplier 10 simply mod provide stat modification per act,Negative
1 hp,Positive
recently bought hp omen 16 2023 first gaming pc wonderful high quality material beautiful good performance good software etc however occasionally playing lol tft actually light game played old notebook much less powerful omen fps fixed 60 nowhere 60 fps bad strange completely blue know pc capable running much heavier thing say yes charging yes change performance setting maximum fan turned maximum even need since normally put economy mode game run 600 fps sometimes freeze 60 nowhere go back normal restart computer could happening stop staying stuck 60 fps nowhere,Negative
computer already old thinking reassembling current component hp compaq pro 6300 sff give motherboard want amd am5,Negative
hp rental apartment trying sublet empty 5 year pandemic lockdown importantly turned hoarding extension finally decided rent place filled trash including empty cardboard box delivery want keep box case ever useful storing item cardboard box came produce section grocery store picked asking staff even realtor hired told hp hoard control cannot realistically expect potential tenant walk clutter course hp cannot listen reason say realtor ganging unfairly,Negative
salut ce stiti despre motorul asta eu caut pe mobile vw arteon sau skoda superb cu acest motor din 2021 2022 pentru face achizitie curand aveti ati intampinat probleme sau auzit de probleme pe motorul asta special la cele doua masini mentionate stiu ca variatii mai sunt si pe alte modele vag dar acestea 2 intereseaza mod special multumesc,Positive
wondering possible add information scaling item choice considering building around minion nu wa tank build would love information concerning scaling,Positive
using datto rmm unfortunately component available hp update use hp image assistant script handle used tool appreciate guidance anyone experience thank,Positive
hp optional,Positive
100 piece plus tax bad,Negative
startup rev anyone want hear,Negative
basic attack max hp hunter,Positive
wondering sub dedicated hp printer one came lol true surprised day hp giving away free printer purchase desktop laptop yet thought day behind u figured shelling nearly 400 officejet would leave free shyster move hp part wrong purpose even higher end printer still sell ink spent 8 hour two day trying figure hell going able use non hp printer cartridge new officejet 9015e e turned significant stay away hp printer end new hp printer activate hp feature else basically screwed life printer point printer forever marked internal printer hp allow use non hp cartridge given finding way around f online reviewer failed mention huge hp scam recommended hp printer least warned consumer hp scam,Negative
boa tarde todos tenho um hp cujo carregador está falhar basicamente deixa aleatoriamente de carregar ma se mexer ou tirar e voltar inserir cabo de 3 pinos volta à vida já testei noutra tomada e acontece mesmo estive pesquisar e o preços de um novo com estas características original passa o 100 pergunto se encontrar de outra marca asus etc com o mesmos 150w 19 5v e 7 7a e que tenha uma entrada destas isto é universal e já agora como se chama vai funcionar ou digo já mesmo adeus cento e tal paus,Positive
look great vga input,Positive
kalo untuk dunia perhapean sih oppo reno 7 series samsung a9 2018 oppo a54,Negative
swear get reward lit end right actually thing game lying even bloodshot shrowd understand people go around extinguish 3 8 lit 1 4 hp want insight maybe people reward increase good thinking,Positive
found stray one autobahn hp lookin fancy,Positive
hey guy company hp authorized partner close 4 year within last month recently went compliance audit hp completing audit april radio silence fast forward last week hp reached asking schedule meeting conclude audit meeting hp made clear believe violated partner agreement selling hp resellers aware customer selling also held hp partnership agreement common practice request client status relationship hp company taking advantage end user based rebate nbo big deal anyone something like need hire legal council represent u next meeting major issue subject penalty fine anyone advice something similar please let know,Positive
car running 500 hp honestly surprised,Positive
bruh even gpt several minute scouring could find answer got info comvertion rate term shield turned hp per second still specified year,Negative
system agnostic use foundry person gaming like create bar along side tv display pc current hp initiative current encounter without edit image upload foreground every time one get hit anyone know module would enable edit monk token bar achieves lot play evening anyone know way implement shading system maybe upload 5 different image character would represent healthy hurt wounded injured near death wishlist feature 2nd edit party hud seems scratch itch thanks guy,Negative
really recall one scene fic harry hearing triwizard tournament sept 1 openly question loudly great hall odds entered pointing preview halloween issue people four house rally setting schedule harry never left alone moment cup displayed drawing take place proven harry never entered,Negative
hello everyone thinning stable computer looking sell three 400 shipped first hp victus 15 fb2063dx ryzen 5 7535hs 32 gb ddr5 512 gb nvme ssd radeon rx 6550m 4 gb 15 6 1080p display bought new best buy july 5th 2024 factory warranty perfect condition come oem charger box sold u traditional aside887 160 shipped next chuwi corebook x 14 3 2 display absolutely beautiful along intel core i3 10110u 8 gb ram 512 gb nvme ssd also perfect condition come oem charger box 60 shipped lastly microsoft surface pro 3 core i5 4th gen 4 gb ram 128 gb ssd good condition age scratch casing display clean clear machine run little warm time replace thermal paste otherwise fully functional window 10 pro installed come charger surface type cover sold u thugnificent01 timestamps,Negative
mean cant change keyboard lightning hp victus,Negative
ambessa 3000 hp 180 armor 150 mr unstoppable shield go wall airborne cooldown 2 second cost 15 energy,Negative
rog strix z790 f gaming wifi 280 local 300 shipped timestamp warranty november 12 2025 accessory included 17 hp omen 650 local 700 shipped timestamp delivered shipped original packaging spec i7 11800h rtx 3060 16 gb ddr4 3200 1tb ssd 144hz 1080p display full spec available 13 hp envy 300 local 320 shipped timestamp spec fhd 60hz touchscreen i5 8265u 8gb ddr4 2400 256gb ssd focusrite scarlett solo 3rd gen 50 local 70 shipped timestamp delivered shipped original packaging,Positive
last window 10 update hp audio control work synaptic hd audio conextant,Negative
loaded medium onto 1 2 hp latex 570 pleased find dancer arm take reel cracking complain moved printer way socal texas anything could happened along way must overlooked new one placed order hopefully new mimaki ujv100 160 plus fun worry reliability much bought used refurbished printer first new printer purchase ever,Positive
round 33 atomic war 3 pudge 2 b lord spectre 11k hp pudge lord,Positive
got circlet today holy,Negative
followed manual installed hplip hplip gui enabled cupsd dbus ran hp setup hp setup printer ip whenever try print something hear barely audible click printer nothing printed cup web interface show job queue report job completed shortly thereafter cup happy got faintest clue figure printer unhappy another thread describes ordeal exactly even need publish cup log happen printer working void linux please share secret sauce alternatively happen use inexpensive bw a4 laser printer void linux setup could please share model printer cheap buying another one might viable alternative spending another hour day troubleshooting,Negative
became friend folk twitch someone suggested play mage awakening discord played bit dnd still fairly new ttrpgs player death mage space mage never played gm experience playing college new player became stuck quite time asked linear storyline pace story slow asked probing question get everyone page like felt slow want combat kind prompt would help decide etc even gave death mage tip get character death mage proceeded provide helpful feedback reiterate pace story slow gm npc give hint maybe go visit site go talk npc often would respond thats boring let go proceed something completely chaotic couple time reminded asked gm story prompt probably follow space mage also trouble remembering character name hard name player never seemed prepared session always forgot happened last session spent good amount time rehash thing happened story going mechanic also distracted space would often go missing mid session play hello game quite last session ignored prompt gm robbed tavern got chased town wood try correct wrong asking forgiveness townsfolk exchange returning cash labor refused throwing linear story asked gm gave plenty hint needed literally force field get talk certain npc needed invite party wanted criminal way anyone town would talk u session ended space made hand comment feel like taking note shocked 11 session writing anything asked least tracking health mana death responds matter cause replenishes anyway scoff saying already full time job supposed fun gm take note pissed messaged gm like attitude toward game ok wanna play like advised message group see find middle ground sent group different playstyles hoping find middle ground otherwise compatible attached message sent curious space proceeds say sound like blaming also responsible chaotic moment respond saying playstyles valid way want play death writes essay said pace slow proceeded criticise everything fantasy everything consequence generally getting defensive thing say wrong even brought thing feeling really personal like issue brought retaliation wanting leave group left discord server proceeded block everything petty honestly regret messaged gm saying sorry seem like productive conversation understand finding group right part ttrpgs said sorry work pleasant discussion going start giving consequence recklessness based said know else ask get linear story asked could also tell happy low effort put told story would panned cause actually really enjoying point lol,Negative
triund trek hp,Positive
certain part frame broke idk fix im thinking could glue would damage thing inside sorry know much abt computer laptop,Negative
hi wanna get gaming laptop rtx 4070 found 2 good price point hp victus 1199 eur tuf 1299 eur one would recommend,Positive
hp 360lx palmtop pc featuring window ce 2 0 massive 8 mb ram speedy 60 mhz hitachi sh 3 look absolutely perfect scratch bottom case 51 shipped ebay got song imho o portuguese reason problem since born brazil anyway run two aa using rechargeable eneloops single cr2032 memory backup,Negative
hp lovectaft complete fiction,Positive
getting hp 301 error victus mean probably change ssd replace new one change ssd get back licensed window 11 laptop came licensed window installed also wanted replace ssd process installing window flashdrive best,Negative
getting 4080 super rtx series card probably need new psu cx750 psu old probably compatible look picture psus none plug psu back 12vhp connection,Negative
hp dl380 g10 run home lab 5 ethernet port back 1 io something 4 appear network plug ethernet first one server get network way configure 3 use server like switch give device server rack connection network without running extra line 1 ethernet drop server everything else piggy back searched internet keep bringing thing dealing router switch nothing server extra network port try hook something threw unknown network error something configurable port something beyond thanks advance,Negative
hello everybody currently got interested 450 model specially exc model 6 gear street legal stuff compared model 2010 found google lying 2016 exc f make hp 62 way true edit since day ago find hp information anymore search engine exc many ktm model like got deleted ktm intentionally miss something,Positive
refine good celtic demon flat percent set range troop attack hp,Positive
huge hp fan also long time listener andy greenwald chris ryan podcast probably 10 year know hp series successful feel good andy writing team extremely insightful tv big fan throne season 1 6 probably good book series adaptation could hope expect big star war guy snooty critic doesnt like ip also love child movie show understands work serialized television criticism fair insightful far back remember got stamp approval sam esmail mr robot damon lindeloff lost leftover watchman also seems like genuinely great guy made sick see fandom light torch try expel guy threaten lively hood people like sort entitled behavior despicable furthermore main point important people room slavish fandom source material focus would good television would think rise skywalker could used people like room example numerous change got tv series made grrm book season 1 6 pitch perfect imo much might think want every little detail book shown tv trust even would make blockbuster tv show outside hard core hp fan possibility going deeper part wizarding world jkr enough time focus main series inside outside hog wart looking carbon copy replication book want much glad writing team least people might inclination give,Positive
finally say neuvi perfect 40k hp hydro resonance,Positive
pc hp omen 30l big fan front loud,Positive
2 stick 16gb dimm hp server device,Positive
tu 160 bomber piececool ref hp 336 w,Positive
local pick zip code 92880 420 new beat box 320 used one used one 1cm thin scratch located four fingertip hp logo used one come power cable time stamp key spec display size 42 5 panel type ip type lcd native resolution 3840 x 2160 maximum brightness 350 nit cd m2 hdr compatibility bit depth color support 10 bit 1 07 billion color color gamut 72 ntsc 96 srgb finish anti glare matte touchscreen technology input 1x displayport 1 2 1x hdmi 2 0 1x mini displayport 1 2 usb 1x usb b 3 0 3 1 3 2 gen 1 1x usb c 3 0 3 1 3 2 gen 1 4x usb 3 0 3 1 3 2 gen 1 built speaker,Negative
familiar gaming laptop scene im wondering opinion deal look pretty solid hp victus 15 fa1005nr 15 6 gaming laptop computer platinum collection performance blue intel core i5 13th gen micro center,Positive
one office printer started printhead issue printhead code error 0xc19a0040 replaced rather continue waste time hp working fine hp let turn printer online intervention lost internet period time right hp subscription ink program turn printing ability use without internet internet go printer allows copy luck lock printer offering good part spare print tray also numerous ink cartridge 950 951 used computer hp monthly ink subscription use please dm u hate put landfill someone use part,Negative
hp got battle running maxed 2 tra 1 gbr 1 dc also hit point hull fully upgraded nina kessler,Positive
yes game cha like hat 3k hp sooooo much,Positive
hello everybody soon run first campaign mid level party lvl 6 9 struggle give player advice would best way restore hp battle know level 1 5 wand clw way go afraid effective level beyond healing patron witch party doubt spell slot enough normally handle healing level thanks advance answer,Positive
lost murloc holm hero power 10 time row deck tracker ama bro beetle board got hp lol,Positive
vote favorite canon hp pairing listed option stay tuned part 2 poll vote canon ship view poll,Positive
seen lot question decided put together short review comparison help fence purchasing either lenovo loq gaming laptop victus gaming laptop see raw specification laptop equally balanced paper really laptop edge laptop better built better overall performance let find overview hp victus gaming laptop situated within robust black plastic shell 16 inch laptop compared top variant gpu draw 140 watt overall rtx 4070 tgp 120 watt powerful rtx 4060 4 608 shaders 36 ray tracing core 144 tensor core version include 8gb graphic memory rtx 4070 support dlss 3 frame generation every gpu geforce 40 series addition rtx 4070 victus 16 low resolution 16 inch display also help 3d viewing speed instead displaying wqhd resolution simply display full hd 1920 x 1080 rtx 4070 performs similarly prior generation rtx 3080 3dmark benchmark time spy test advantage rtx 4060 slightly less 20 port royal ray tracing test slightly less 30 rising gap significant rtx 4080 outperforms rtx 4070 half remarkable power hungry raptor lake cpu hx series side nvidia gpu cannot always exhaust possible power consumption even lower tgp hp notebook rtx 4070 exhibit worse graphic performance model 140 watt used intel platform 3d mark however gaming test clearly proved benefit lower resolution even highest detail ray tracing hp victus consistently produce playable frame rate slightly older game notebook reach 107 frame per second activated ray tracing shadow ultra quality 147 frame per second ultra high shadow tomb raider sottr 82 frame per second ultra high 70 frame per second ray tracing dirt 5 victus 16 fan run 50 db load little quieter 16 inch notebook similar specification unlike manufacturer pair maximum fan speed processor greatest performance level hp flexibility adjusting fan speed consequently loudness load test victus 16 fan spin 54 db brief period time softly reducing noise without producing continually shifting soundscape bothersome noisy spinning fan little five pound victus 16 surprisingly light gaming laptop 16 inch screen gaming laptop typically weighs six pound light another positive outcome battery test lasted slightly six hour browsing wlan click purchase hp victus gaming laptop overview lenovo loq gaming laptop high end rig cost thousand dollar everyone want spend much money constantly searching top gaming laptop 1 000 play game occasionally simply need run around 120 frame per second 4k resolution paper lenovo loq 15arp9 appears offer good mix price specification amd ryzen 7 7435hs processor 16gb ddr5 2 x 8gb nvidia geforce rtx 4070 discrete gpu 512gb pcie 4 0 ssd 15 6 inch 1080p 144hz display included although well stocked machine loq contains significant sacrifice occasionally made u uneasy price point loq feature plastic chassis instead carbon fiber composite aluminum unibody low budget origin worry though lenovo lid upper lower chassis made sturdy plastic add high end feel little flex bezel surrounding display dark gray keyboard deck exterior lid coated shiny silver visual standout chassis large protrusion top display bezel accommodate webcam power button surrounded three segment led ring loq offer respectable number port 3 5 mm jack right side usb type usb c connector physical switch turn webcam 3 5 mm jack usb c port proprietary lenovo power port ethernet port two usb port hdmi port located back panel left side chassis empty although plenty room along chassis improvement would preferred see microsd reader extra usb c connector additionally battery last three hour twenty four minute regard 512gb micron 2400 ssd lenovo installed productivity performance fell short majority rival user may bog write heavy job others notice deficit general use additionally speaker poor quality expected given price click purchase lenovo loq gaming laptop x200b specification hp victus gaming laptop component specification screen type ip screen size 16 1 inch screen resolution 1920 x 1080 full hd dot density refresh rate 138 ppi 144 hz brightness 300 nit processor model amd ryzen 7 8000 series processor model number 8845hs number cpu core 8 core storage 512 gigabyte system memory ram 16 gb ddr5 5600 exchangeable graphic nvidia geforce rtx 4070 battery life 10 25 hour backlit keyboard yes operating system window 11 home connection right 1x type c usb 3 2 gen 1 displayport 1 4 power delivery 2x type usb 3 2 gen 1 1x power x200b specification lenovo loq gaming laptop component specification cpu amd ryzen 7 7435hs 8 core 16 thread 4 5 ghz graphic nvidia geforce rtx 4060 8gb 1890 mhz boost 115w tdp memory 16gb ddr5 4800 2 x 8gb sodimm storage 512gb 2 2242 pcie nvme ssd display 15 6 inch 1920 x 1080 ip 16 9 144 hz port 1x usb type c 3x usb 3 2 gen 2 type 3 5 mm headphone jack 1 gbe ethernet hdmi operating system window 11 home weight 5 12 pound 2 32 kg x200b pro con lenovo loq gaming laptop pro competitive gaming performance reasonably priced excellent 15 6 inch ip display con short battery life slow ssd although real world usage may vary poor productivity performance hp victus gaming laptop pro good gaming performance full hd full hd camera fan loud relatively light large numeric keypad con fhd resolution mediocre display brightness 2 slot fast usb port card reader final verdict reading detail decision based buyer want want gaming laptop decent enough battery life hp victus one however care battery life display top priority gaming productivity lenovo loq one lean towards ram ssds upgradable limiting factor insane deal priced 899 99 rtx 4070 ability run latest game decent fps providing smooth gameplay budget purchase hp victus gaming laptop click purchas lenovo loq gaming laptop click,Negative
hi recently started playing online specifically hot pursuit playlist ton fun however im struggling emp since look doesnt seem way avoid becomes really frustrating end loop emp taken respawn emp effect also carry respawn youve taken leaf sitting road like idiot bunch police car barreling read jammer though im sure info hot pursuit game jammer nothing online play seems really confused missing something thanks,Negative
since day notebook recognize nokia xr21 connected via usb choose option file transfer nokia nothing happens use another laptop everything ok see folder dcim content access without problem option file transfer tried changing usb c cable using another usb port pc even restore date last window update nothing device manager device related samsung smartphone present working nokia device present visible set option display hidden device go property nokia xr21 read device connected error code 45 uninstalled driver fails reinstall anything unplug reconnect usb c cable solve problem,Negative
st james accredited accm caam hp mean go still take usmle get residency u,Negative
top laner ult dealing 1333 damage left big krug 1 hp 1330 hp known interaction potential rounding issue would make sense difference 2 hp anyone encounter,Positive
ninja 500 following engine spec maximum horsepower 51 0 hp 10 000 rpm maximum torque 31 7 lb ft 7 500 rpm question gear 6 achieve max hp gear achieve max torque done research understand max hp 6th gear 10k rpm correct max torque bit confusing max torque reached 1st gear 7 5k rpm,Positive
build upcoming homa around 1314 atk without hydro resonance hp 50 1666 resonance hp 50,Positive
trying different setup best setup maximize dmg 51 wep 51 armor dmg boost combo 5 3 4 3 2 3 2 3 4 2 3 repeat combo note use 5 cd combo helped activate buff dmg resistance debuffs maximize dmg share better combo setup 3,Positive
looking find right build done research thinking temple knight starting class heal miracle go regeneration ring adjudicator shield blessed mace get ground later like maybe move another weapon would good choice like use warding buff reasonable like hear thought though thanks,Negative
mickey thomson 1969 mini dragster powered tecumseh four stroke single cylinder engine said good eye watering 3 hp 2nd pic james garner paul newman enjoying heck,Positive
hp victus 16 zero rpm fan possible load seen fan shut situation 14700hx 4070 coming blade 14 2017 i7 7700 1060 im used fan shutting also saving batt way non intense stuff like browsing reddit also cant get last long suppose hw info claim usually 35 44 w usage 0 1vcore omen battery saver active also didnt nvidia local service enabled might switched win10 11 11 always drawing 50w battery,Negative
honest reaction every teammate low hp keep running away,Positive
looking solution mow couple acre flat meadow twice year meadow 5 foot tall goldenrod occasional 1 sapling mainly grass wildflower pretty tame far bush hogging go access meadow also flat think john deer x500 garden tractor 25hp 700ish pound 2wd hydro transmission powerful enough pull something like 630 pound self powered rough cut mower thanks,Negative
got radhan one hp 4x one close win keep happening,Negative
right llm image generation work hp z440 work station xeon e5 2690v4 128gb 2133 ram get job done getting couple token per second model large 32b almost 1tk second qwen2 5 72b also generate 512x512 image using flux schnell 100 second good enough said would love able run even smaller model bit faster able offload either flux llm gpu running time would nice issue course money get 2 p102 100 gpus 10gb ram 80 ebay way cheaper getting even single 16gb card p102 100 draw 300 watt workstation though 700 watt power supply proprietary 2 6 pin pcie cable capable supplying 75 watt another 75 watt coming pcie slot add 150 watt theoretically within spec powerlimits p102 100 50 power limit set would love hear thought stupid idea alternative suggest,Positive
hey guy looking upgrading 7 year old microsoft surface laptop 1 many hour watching review scrolling subreddits think like bit input everyday user help decide laptop get 2 laptop considering moment hp spectre 14 2024 asus zenbook 14 amd 2024 research seeking advice mentioned spectre 14 main downside read poor real world battery life compared figure given review people managing 6 hour conservative setting office work concern getting maybe 4 hour time laptop 4 5 year old current laptop still give 4 hour use case big downside thing consider laptop zenbook 14 better battery life spectre main downside worse display 1200p 60hz used 60hz current laptop mostly use plugged external monitor home curious people thought quality display used wonder quality display less concern given use case external monitor anyone suggestion similar alternative laptop one appreciate recommendation little info looking display 14 touchscreen would ideal location budget australia 2k willing stretch necessary use case office work study light gaming nothing intensive form factor standard fine e 2 1 necessary performance similar ballpark spectre core ultra 7 zenbook amd 8840hs review seen pretty equal considering single v multi core performance battery 8 hour brand new would good account battery degradation time,Negative
hello spectre x360 run extended warranty coverage dropped case great shape bit eyesore also usb port stopped working come back intermittently ask hp replace motherboard usb c working notorious fail would feel better new motherboard hand would like keep using laptop way set need reinstall program new motherboard,Negative
expect delete quarter jane hp,Positive
2 stick 32gb dimm memory hp server laptop,Negative
previous abyss 3m hp mountain king 1 cycle 17 clear ningguang hypercarry,Positive
muslim hawker assaulted men shimla hp sell commodity,Positive
case anyone curious appear base health value multiplier present corresponding easy hard difficulty believe ow otherworld variant pulled current 1 003 version creeper 5 multiplier lying figure 180 0 69 1 38 lying figure ow 150 0 65 1 3 mannequin 150 0 666 1 333 mannequin spider 150 multiplier nurse 400 0 75 1 25 nurse ow 300 0 66 1 33 mandarin 1750 0 7 1 3 pyramid head sword immortal boolean flag hp value pyramid head spear 3200 cumulative handled via separate bossfightmanager blueprint multiplier flesh lip 3200 0 8 1 5 eddie 600 0 75 1 25 abstract daddy 3000 multiplier mary phase 1 1000 1 5 multiplier mary phase 2 700 1 3 multiplier mary phase 3 2000 0 75 1 25 mary phase 4 1 1337 multiplier comparative reference weapon damage value appear vary difficulty wooden plank 25 pipe 36 chainsaw 400 handgun 50 shotgun 35 x6 rifle 150,Positive
torque measurement force load transmission rating always referencing hp figured would something tensile strength well versed engineering,Positive
couple shot adrenaline fat burrito got way past 1 200 albeit second lol wby,Negative
hi editing video adobe effect laptop crashed tried restart said boot device found please install operating system hard drive hard disk 3f0 already system diagnosis passed everything even storage think need new ssd also saw another post regarding said tried using legacy mode boot worked checked laptop option idea else help appreciated thank already,Negative
give shelter colony caretaker helped trap neuter return cat year currently still collecting supply continue making,Negative
noticed i30n dct hp crank advertised curious know manual anyone dyno manual fl,Positive
maybe matter powerful attack strong likelihood npc left single hp instead dying seems happen npc would otherwise attack 1st round cause know death still get chance attack,Negative
hi everyone little trouble laptop buy two laptop fit budget hp victus 15 16 wondering one better worth price thank much advance,Positive
night stay triund hp,Positive
funniest way ever lost half hp,Positive
also need friend 3 ygkzc8674,Negative
anyone provide mathematical explanation resistance affect much damage max hp type damage example build frozen heart bork user would effective something like sunfire aegis since give armor hp much type damage mitigated relation max hp,Negative
please leave comment messaging shipping shipped 2 3 business day available item hp omen 16 laptop 600 00 shipped insured includes charger boxed open offer condition item purchased refurbished fully functional item description hp omen 16 spec screen 1080p 144hz cpu intel core i5 13420h gpu 4050 6gb model ram 16gb ddr5 storage 1tb nvme issue none report shipping ship free ups ground overnight 2 day available timestamp question please ask item tested working condition unless stated otherwise used item may cosmetic imperfection,Negative
dodge 1022 hp livery iron maiden,Positive
tengo una equipo de escritorio modelo hp elitedesk 800g2 sff que funciona nada respecto la conexión internet la misma si se conecta pero abre ningúna aplicacion para poder navegar ya probe solucionando errores de microsoft edge de igual forma se abre edge pero vuelve cerrarse le configure la memoria virtual también manipule el hardware específicamente la memoria ram cambie de slot lo deje solo con una ram probe otra ram que tengo yo en li pc personal nada funciona le instale otro navegador firefox desde la microsoft store pero tampoco esta funciona aparece un aviso de crasheo alguien sabe algo al respecto ni siquiera se si lo estoy publicando en el area correcta xd,Negative
working fic harry spends good amount time new york realized idea magical district new york called like hogsmead diagon alley uk rest world google keep giving macusa answer,Positive
anyone good book recommendation developing concept higher power vague one worked far feeling connected would like know anyone really good book helped book even sobercast speaker video take anything thanks,Positive
night stay triund sala hp,Positive
charlie keeper fast food hp 240 sharpness 4,Positive
able get amd sam running,Negative
hello new building computer always bought prebuilt machine mainly use computer running audio video production software tends utilize lot cpu ram past machine always higher end performance wise lot work home studio commercial studio street house need portability 7 month ago bought hp laptop giving sort problem past week high spec i9 13900h 64gb ram 4060 thermal poorly designed stay constant state thermal throttling making even non demanding program sluggish laggy finally got approved return machine get refunded want go back desktop build need battery power need portability workspace monitor peripheral easily plug ditched idea laptop anyways looking advice see build feasible probably use microcenter assembly service experienced building know much data new intel chip right thinking way go ultra core 7 265k going try save bit get 14700k issue going told risk 13th 14th gen chip super keen going amd seems pricier get say sure question 1 ultra core 7 require aio water cooler small case good air cooling know know much chip yet seeing better temp power come stock cooler enough 2 anything missing motherboard asrock z890i nova wifi lga 1851 mini itx motherboard processor intel core ultra 7 265k pcg 2020a cooler included ram corsair vengeance 64gb ddr 6000 cl30 gpu pny nvidia 4060 overclocked triple fan 8gb gddr6 pcie 4 0 graphic card ssd crucial p3 plus 4 tb 3d nand flash pcie gen 4 x4 nvme 2 internal ssd psu lian li sp750 750 watt psu case fan arctic cooling p12 fluid dynamic bearing case fan 5 pack case either lian li a4 h2o teenage engineering computer 1 suggestion stuff fit anything better around size portability key thanks reading,Negative
hey guy aku ada satu benda nak discus yall katakan untuk discussion ni kita assume dua buah kereta yang sama weight enjin na modify mengeluarkan hp yang sama let say hp produce 240hp ada perbezaan ke untuk kereta cc besar dan cc kecik perbincangan ni literally pakai kereta yang sama enjin na stock dari kilang hope share knowledge experience,Positive
looking trade 1695hp m4 cyan smoke 1695hp audi rs7,Positive
recently started reloading 38spl using hp 38 powder run perfectly fine 4 25 king cobra good accuracy 1st pic somehow shoot strange hole 2 k6xs 2nd pic novice seems suffer insufficient velocity incomplete inconsistent powder burn evident inconsistent recoil feel quite bit unburnt partially burnt powder case firing reference hardly anything come shake case shooting king cobra loading 4 6gr hp38 federal spp berry 125gr plated flat point fired magtech case idea case powder load recommendation many thanks sorry chrono data go new whole reloading game,Negative
feel throw q r combo kill full hp enemy screen away second get dirk,Negative
hp hp omnibook x next gen ai pc 14 fe000 config 14 diagonal 2 2k 2240 x 1400 400 nit touchscreen snapdragon x elite x1e 78 100 3 4 ghz 12 core qualcomm adreno gpu 16 gb ram 512 gb ssd win 11 755 99 32 gb ram config 980 99 code 10hpaipc24,Negative
bagi gambar reaksi kalian supaya hp gw hamil stiker,Positive
im playing postal 1 fan patch use cheat accidentlly upgraded hp lol,Positive
ammo winchester 22lr 36gr hp 2220rd case 222rdx10 127 99 5 7cpr free shipping order 250,Positive
still return window got victus 515 sale lenovo 550 6gb vram 3050 compared 4 gb vram victus know make difference,Negative
want install ubuntu hp envy x360 e 0277ng laptop touchscreen fingerprint reader nvidia mx450 face problem installation plan using balena etcher latest lts ubuntu please help,Negative
hello new building computer always bought prebuilt machine mainly use computer running audio video production software tends utilize lot cpu ram past machine always higher end performance wise lot work home studio commercial studio street house need portability 7 month ago bought hp laptop giving sort problem past week high spec i9 13900h 64gb ram 4060 thermal poorly designed stay constant state thermal throttling making even non demanding program sluggish laggy finally got approved return machine get refunded want go back desktop build need battery power need portability workspace monitor peripheral easily plug ditched idea laptop put together build hitting budget wanted go i9 seeing 14700k way better laptop i9 using i7 seems like way go anyways looking advice see build feasible probably use microcenter assembly service experienced building main question 1 thermally aio water cooler neccesary air cooled also since portable mobile machine pose complication water cooler 2 stay away intel 14th gen heard horror story sure thing better checking specific batch number avoid mfg date avoid go amd route looking i9 12900k 14700k outperforms quite bit want go old 3 anything missing link build,Negative
air cap seems really stuck wrench came keep slipping go loosen matter direction sure trying clean anyone advice especially turn unscrew would greatly appreciate worry mess seems like every video found doesnt tell way screw,Negative
got new window 11 hp laptop cast full screen tab seems work mute volume laptop expected sound tv unmute laptop hear sound device obviously want somehow seem split audio tv stream correctly something like desktop different window 10 laptop work intended meaning muted volume laptop sound tv using chromecast 2018 round one suggestion,Negative
hide bangboos grace got evil hp,Positive
maliketh continues disrespected cause terrible hp ignore time got hit btw,Positive
nickname diddy,Positive
almost 3 hour fine tuning crt osd menu simply cannot get top bottom half screen aligned convergence horizontally option top bottom balance v convergence,Negative
apparently third hp barchetta anyone picture information car,Positive
past two week battery indicator light one 18v 6ah high performance battery randomly lighting blinking seems random interval amount time light interval blink never thing twice seems look like battery manufactured january 2023 matter first started took cover realized know looking took different 6ah hp battery took cover compare malfunctioning battery difference mean used magnifying glass 30 minute going every inch two battery try find anything might different therefore may explain phenomenon came zilch anyone happen anyone insight going took malfunctioning battery rotation battery use first happened retired would like use possible im honestly afraid discharged gonna blow oh yeah first noticed guess battery two light battery left put taking charger full think may discharging somehow rather safe sorry one thanks time everyone,Negative
gpu would advice buy fpr hp reverb headset cpu ryzen 9 7900x3d moment rtx 4060 ti pretty blury tested option would happy know make sense,Negative
hp omen gaming laptop 2023 amd ryzen 7 7840hs processor nvidia geforce rtx 4060 gpu using laptop year run problem screen flickering black taking lock screen automatically flicker black lock screen mostly happens game kindly help anyone know issue,Negative
last post saw hp circlet like mine,Positive
currently drinking whiskey watching order phoenix building hp lego daughter named hp character think reached peak potter head,Positive
highest hp bos ever 3 3 million abyss since buffed enemy 50 hp 5 1,Positive
tip end clip best,Positive
health noelle recovers eating choco diamond may 70 know kris recovers 80 hp eat choco diamond alone noelle given choco diamond receive 35 hp 43 75 hp kris would gain ate choco diamond alone assume portion choco diamond kris eats mean noelle eats remaining 56 25 choco diamond find hp noelle cover choco diamond divide 35 0 5625 give answer 62 two ninth,Positive
hp,Positive
past two week battery indicator light one 18v 6ah high performance battery randomly lighting blinking seems random interval amount time light interval blink never thing twice seems look like battery manufactured january 2023 matter first started took cover realized know looking took different 6ah hp battery took cover compare malfunctioning battery difference mean used magnifying glass 30 minute going every inch two battery try find anything might different therefore may explain phenomenon came zilch anyone happen anyone insight going took malfunctioning battery rotation battery use first happened retired would like use possible im honestly afraid discharged gonna blow oh yeah first noticed guess battery two light battery left put taking charger full think may discharging somehow rather safe sorry one thanks time everyone,Negative
looking suggestion good gaming laptop 1000 currently looking acer nitro hp victus one better know better alternative thanks advance,Positive
concept 1b last breath look hp bar,Positive
buying passat 1695 hp want police car 50 million receive money,Negative
back hyrule castle dungeon remember getting darknut lvl 2 ball chain guy around time wondered difference armoured ball chain guy faster reach plus higher attack frequency swinging ball guess darknut stronger tankier darknut lvl 3 one better two ball chain guy difference damage bombfish zirro bomb bomb might enemy attack swordfighter form shield echo highest hp good tanking hit monster deal damage enemy echo could measure echo damage looking enemy damage mean slower echo deal higher damage faster one much damage peahat deal per hit rolling spiked log many question,Positive
frustrating experience yesterday 19th october 2024 4 49 pm hp fuel pump near dr raju endada asked attendant fill 450 worth petrol instead initially filled 100 pointed said add remaining 350 asked pay first busy paying phone resumed pump time looked meter showed 351 352 confronted claimed reset pump zero adding fuel show proof ended paying 450 received 350 worth petrol feel like scammed 100 issue fact scamming customer novice rider never faced issue petrol station know confronted attendant fuel pump thing understand situation left place anyone else similar experience fuel pump already registered complaint hp website,Positive
hi parent got new victus 15 architectural study tip prolong longevity laptop spec i5 12450h 16gb drr4 rtx 4050 6gb 512 ssd,Positive
thought ng thing ng0 limited health run surprisingly easy kept charm tho damage scaling work game,Negative
klo gw sih samsung s20 series sama note 20 yg biasa bukan ultra ama iphone 14 16 non pro dan pro max,Negative
honestly bro leave middle final fight,Positive
collection far hopefully get casio grapher hp model,Positive
lamborghini svj twin turbo 1100 hp 1080x1920,Positive
last night boost active uninstalled reinstalled game fix minor issue regular hp nerf,Positive
recently bought one weekend working order extra part 8 bay sff cage extra 8 bay sff connected right trying find help regard 2nd bay told recent owner daisy chained per image confused say spec sheet p420i controller support 8 drive even work also power wise work 10 pin connector already used first bay photo attached also dell perc h700 controller previous r610 work used use daisy chain method providing powered 2nd bay,Positive
1 student peril away 100 completion checked location see missed right side charm basement level saw student trapped vine anymore still standing believe rescued glitch something playing whole way game 100 completion turn glitch done literally everything else,Negative
fun fact libero protean mon us curse target turn ghost type use move leading losing 50 hp immediately 25 end turn last 25 next turn random om month,Positive
basically title,Positive
wonder,Positive
fan hp 6063b stopped working closer look turned capacitor voltage regulator fan short circuit error quickly eliminated final test successful,Positive
sorry reimar 12 max hp wow,Positive
found 1200 usd much cheaper laptop similar spec problem one,Negative
check hp multimeter voltage reference regular interval look good hp3455a hp3456a,Positive
iron fist 1 shot freedom user since 80 hp,Positive
official hp popup special discount expired 9 year ago,Positive
play demon 30 hp 1 armor rewind dmg playing demon wrath weaver build animation annoying take forever go 30hp back 30hp 1 armor gameplay feature stupidest thing ingame hopefully fixed,Positive
omen hp 15 dc0013ne first problem gpu working suspect heat second battery remove plug using recommendation professional worth replace gpu battery much cost,Positive
got scammed hp fuel pump r raju endada visakhapatnam,Positive
